{"train_ce": [0.5546906441450119, 0.5099981039762497, 0.47795016422867775, 0.4558959150314331, 0.44347754955291746], "val_ce": [0.5278868579864502, 0.5039132022857666, 0.4637418222427368, 0.4361312460899353, 0.44260750770568846], "train_dice": [3.3534981596469877, 3.2915744507312774, 3.2522605586051943, 3.209084995985031, 3.199364242553711], "val_dice": [3.285870170593262, 3.2444379043579104, 3.2431028079986572, 3.199761667251587, 3.2190518951416016], "train_loss": [3.9081887900829315, 3.8015725457668306, 3.730210723876953, 3.6649809074401856, 3.642841786146164], "val_loss": [3.8137570285797118, 3.7483511066436765, 3.7068446350097655, 3.635892915725708, 3.66165940284729], "train_dice_per_channel": [[0.2748245298862457, 0.7077081203460693], [0.25011998414993286, 0.6934089064598083], [0.23652219772338867, 0.6824463605880737], [0.22818894684314728, 0.6656321883201599], [0.22257722914218903, 0.6645614504814148]], "val_dice_per_channel": [[0.2629163861274719, 0.6807698011398315], [0.2520374357700348, 0.6670330762863159], [0.23264950513839722, 0.6793758869171143], [0.22198398411273956, 0.6638301610946655], [0.22277967631816864, 0.6731922030448914]], "lr": [0.0001, 0.0001, 0.0001, 0.0001, 0.0001]}